{"cameraMode":{"drawMode":0,"name":"Shaded","section":"Shading Mode"},"sceneLighting":true,"audioPlay":false,"sceneViewState":{"showFog":true,"showMaterialUpdate":false,"showSkybox":true,"showFlares":true,"showImageEffects":true,"showParticleSystems":true},"in2DMode":false,"pivot":{"x":0.9635705947875977,"y":0.27081727981567385,"z":-0.995887279510498},"rotation":{"x":-0.06628388911485672,"y":0.9285804033279419,"z":-0.2025938630104065,"w":-0.3038100600242615},"size":10.0,"orthographic":false}